Workbook
Name Slicer_Marital_Status: #N/A
Name Slicer_Occupation: #N/A
Name Slicer_Region: #N/A

Sheet Bike_Buyers_Raw_Data
A1: ID | B1: Marital Status | C1: Gender | D1: Income | E1: Children | F1: Education | G1: Occupation | H1: Home Owner | I1: Cars | J1: Commute Distance | K1: Region | L1: Age | M1: Purchased Bike
A2: 12496 | B2: M | C2: F | D2: 40000 | E2: 1 | F2: Bachelors | G2: Skilled Manual | H2: Yes | I2: 0 | J2: 0-1 Miles | K2: Europe | L2: 42 | M2: No
A3: 24107 | B3: M | C3: M | D3: 30000 | E3: 3 | F3: partial College | G3: Clerical | H3: Yes | I3: 1 | J3: 0-1 Miles | K3: Europe | L3: 43 | M3: No
A4: 14177 | B4: M | C4: M | D4: 80000 | E4: 5 | F4: Partial College | G4: Professional | H4: No | I4: 2 | J4: 2-5 Miles | K4: europe | L4: 60 | M4: No
A5: 24381 | B5: S | C5: M | D5: 70000 | E5: 0 | F5: bachelors | G5: Professional | H5: Yes | I5: 1 | J5: 5-10 Miles | K5: Pacific | L5: 41 | M5: Yes
A6: 25597 | B6: S | C6: M | D6: 30000 | E6: 0 | F6: Bachelors | G6: Clerical | H6: No | I6: 0 | J6: 0-1 Miles | K6: Europe | L6: 36 | M6: Yes
A7: 13507 | B7: M | C7: F | D7: 10000 | E7: 2 | F7: Partial College | G7: manual | H7: Yes | I7: 0 | J7: 1-2 Miles | K7: Europe | L7: 50 | M7: No
A8: 27974 | B8: S | C8: M | D8: 160000 | E8: 2 | F8: High School | G8: Management | H8: Yes | I8: 4 | J8: 0-1 Miles | K8: Pacific | L8: 33 | M8: Yes
A9: 19364 | B9: M | C9: M | D9: 40000 | E9: 1 | F9: Bachelors | G9: Skilled Manual | H9: Yes | I9: 0 | J9: 0-1 Miles | K9: Europe | L9: 43 | M9: Yes
A10: 22155 | B10: M | C10: M | D10: 20000 | E10: 2 | F10: Partial High School | G10: Clerical | H10: Yes | I10: 2 | J10: 5-10 Miles | K10: Pacific | L10: 58 | M10: No
A11: 19280 | B11: M | C11: M | D11: 120000 | E11: 2 | F11: Partial College | G11: Manual | H11: Yes | I11: 1 | J11: 0-1 Miles | K11: Europe | L11: 40 | M11: Yes
A12: 22173 | B12: M | C12: f | D12: 30000 | E12: 3 | F12: High School | G12: Skilled Manual | H12: No | I12: 2 | J12: 1-2 Miles | K12: Pacific | L12: 54 | M12: Yes
A13: 12697 | B13: S | C13: F | D13: 90000 | E13: 0 | F13: Bachelors | G13: Professional | H13: No | I13: 4 | J13: 10+ Miles | K13: Pacific | L13: 36 | M13: No
... A1027: 18484 | B1027: S | C1027: M | D1027: 80000 | E1027: 2 | F1027: high School | G1027: Skilled Manual | H1027: No | I1027: 2 | J1027: 1-2 Miles | K1027: Pacific | L1027: 50 | M1027: Yes

Sheet Data_Dictionary
A1: Column Name | B1: Description | C1: Data Type | D1: Example
A2: ID | B2: Unique identifier assigned to each customer | C2: Number | D2: 12496
A3: Marital Status | B3: Indicates whether a customer is married or single | C3: Text | D3: Married
A4: Gender | B4: Indicates whether a customer is male or female | C4: Text | D4: Female
A5: Income | B5: Income of the customer | C5: Number | D5: 40000
A6: Children | B6: Number of children the customer has | C6: Number | D6: 2
A7: Education | B7: Educational level attained by the customer | C7: Text | D7: Bachelors
A8: Occupation | B8: Occupation of the customer | C8: Text | D8: Professional
A9: Home Owner | B9: Indicates whether the customer owns a home or not | C9: Text | D9: Yes
A10: Cars | B10: Number of cars owned by the customer | C10: Number | D10: 1
A11: Commute Distance | B11: Distance between customer's home and work place | C11: Text | D11: 0-1 Miles
A12: Region | B12: Geographical lotion where the customer resides | C12: Text | D12: North America
A13: Age | B13: Age of the customer | C13: Number | D13: 42
A14: Purchased Bike | B14: Indicates whether a customer purchased a bike or not | C14: Text | D14: Yes
A15: Income Group | B15: Income category assigned to the customer | C15: Text | D15: Low Income
A16: Age Group | B16: Age category assigned to the customer | C16: Text | D16: Young

Sheet Cleaned_Working_Sheet
A1: ID | B1: Marital Status | C1: Gender | D1: Income | E1: Income Group | F1: Children | G1: Education | H1: Occupation | I1: Home Owner | J1: Cars | K1: Commute Distance | L1: Region | M1: Age | N1: Age Group | O1: Purchased Bike
A2: 12496 | B2: Married | C2: Female | D2: 40000 | E2: {=_xlfn.IFS(Cleaned_Working_Sheet!$D2<=50000,"Low Income",Cleaned_Working_Sheet!$D2<100000,"Middle Income",TRUE,"High Income")} -> Low Income | F2: 1 | G2: Bachelors | H2: Skilled Manual | I2: Yes | J2: 0 | K2: 0-1 Miles | L2: Europe | M2: 42 | N2: {=_xlfn.IFS(Cleaned_Working_Sheet!$M2<=34,"Young",Cleaned_Working_Sheet!$M2<=54,"Middle-aged",Cleaned_Working_Sheet!$M2>54,"Old")} -> Middle-aged | O2: No
A3: 24107 | B3: Married | C3: Male | D3: 30000 | E3: {=_xlfn.IFS(Cleaned_Working_Sheet!$D3<=50000,"Low Income",Cleaned_Working_Sheet!$D3<100000,"Middle Income",TRUE,"High Income")} -> Low Income | F3: 3 | G3: Partial College | H3: Clerical | I3: Yes | J3: 1 | K3: 0-1 Miles | L3: Europe | M3: 43 | N3: {=_xlfn.IFS(Cleaned_Working_Sheet!$M3<=34,"Young",Cleaned_Working_Sheet!$M3<=54,"Middle-aged",Cleaned_Working_Sheet!$M3>54,"Old")} -> Middle-aged | O3: No
A4: 14177 | B4: Married | C4: Male | D4: 80000 | E4: {=_xlfn.IFS(Cleaned_Working_Sheet!$D4<=50000,"Low Income",Cleaned_Working_Sheet!$D4<100000,"Middle Income",TRUE,"High Income")} -> Middle Income | F4: 5 | G4: Partial College | H4: Professional | I4: No | J4: 2 | K4: 2-5 Miles | L4: Europe | M4: 60 | N4: {=_xlfn.IFS(Cleaned_Working_Sheet!$M4<=34,"Young",Cleaned_Working_Sheet!$M4<=54,"Middle-aged",Cleaned_Working_Sheet!$M4>54,"Old")} -> Old | O4: No
A5: 24381 | B5: Single | C5: Male | D5: 70000 | E5: {=_xlfn.IFS(Cleaned_Working_Sheet!$D5<=50000,"Low Income",Cleaned_Working_Sheet!$D5<100000,"Middle Income",TRUE,"High Income")} -> Middle Income | F5: 0 | G5: Bachelors | H5: Professional | I5: Yes | J5: 1 | K5: 5-10 Miles | L5: Pacific | M5: 41 | N5: {=_xlfn.IFS(Cleaned_Working_Sheet!$M5<=34,"Young",Cleaned_Working_Sheet!$M5<=54,"Middle-aged",Cleaned_Working_Sheet!$M5>54,"Old")} -> Middle-aged | O5: Yes
A6: 25597 | B6: Single | C6: Male | D6: 30000 | E6: {=_xlfn.IFS(Cleaned_Working_Sheet!$D6<=50000,"Low Income",Cleaned_Working_Sheet!$D6<100000,"Middle Income",TRUE,"High Income")} -> Low Income | F6: 0 | G6: Bachelors | H6: Clerical | I6: No | J6: 0 | K6: 0-1 Miles | L6: Europe | M6: 36 | N6: {=_xlfn.IFS(Cleaned_Working_Sheet!$M6<=34,"Young",Cleaned_Working_Sheet!$M6<=54,"Middle-aged",Cleaned_Working_Sheet!$M6>54,"Old")} -> Middle-aged | O6: Yes
A7: 13507 | B7: Married | C7: Female | D7: 10000 | E7: {=_xlfn.IFS(Cleaned_Working_Sheet!$D7<=50000,"Low Income",Cleaned_Working_Sheet!$D7<100000,"Middle Income",TRUE,"High Income")} -> Low Income | F7: 2 | G7: Partial College | H7: Manual | I7: Yes | J7: 0 | K7: 1-2 Miles | L7: Europe | M7: 50 | N7: {=_xlfn.IFS(Cleaned_Working_Sheet!$M7<=34,"Young",Cleaned_Working_Sheet!$M7<=54,"Middle-aged",Cleaned_Working_Sheet!$M7>54,"Old")} -> Middle-aged | O7: No
A8: 27974 | B8: Single | C8: Male | D8: 160000 | E8: {=_xlfn.IFS(Cleaned_Working_Sheet!$D8<=50000,"Low Income",Cleaned_Working_Sheet!$D8<100000,"Middle Income",TRUE,"High Income")} -> High Income | F8: 2 | G8: High School | H8: Management | I8: Yes | J8: 4 | K8: 0-1 Miles | L8: Pacific | M8: 33 | N8: {=_xlfn.IFS(Cleaned_Working_Sheet!$M8<=34,"Young",Cleaned_Working_Sheet!$M8<=54,"Middle-aged",Cleaned_Working_Sheet!$M8>54,"Old")} -> Young | O8: Yes
A9: 19364 | B9: Married | C9: Male | D9: 40000 | E9: {=_xlfn.IFS(Cleaned_Working_Sheet!$D9<=50000,"Low Income",Cleaned_Working_Sheet!$D9<100000,"Middle Income",TRUE,"High Income")} -> Low Income | F9: 1 | G9: Bachelors | H9: Skilled Manual | I9: Yes | J9: 0 | K9: 0-1 Miles | L9: Europe | M9: 43 | N9: {=_xlfn.IFS(Cleaned_Working_Sheet!$M9<=34,"Young",Cleaned_Working_Sheet!$M9<=54,"Middle-aged",Cleaned_Working_Sheet!$M9>54,"Old")} -> Middle-aged | O9: Yes
A10: 22155 | B10: Married | C10: Male | D10: 20000 | E10: {=_xlfn.IFS(Cleaned_Working_Sheet!$D10<=50000,"Low Income",Cleaned_Working_Sheet!$D10<100000,"Middle Income",TRUE,"High Income")} -> Low Income | F10: 2 | G10: Partial High School | H10: Clerical | I10: Yes | J10: 2 | K10: 5-10 Miles | L10: Pacific | M10: 58 | N10: {=_xlfn.IFS(Cleaned_Working_Sheet!$M10<=34,"Young",Cleaned_Working_Sheet!$M10<=54,"Middle-aged",Cleaned_Working_Sheet!$M10>54,"Old")} -> Old | O10: No
A11: 19280 | B11: Married | C11: Male | D11: 120000 | E11: {=_xlfn.IFS(Cleaned_Working_Sheet!$D11<=50000,"Low Income",Cleaned_Working_Sheet!$D11<100000,"Middle Income",TRUE,"High Income")} -> High Income | F11: 2 | G11: Partial College | H11: Manual | I11: Yes | J11: 1 | K11: 0-1 Miles | L11: Europe | M11: 40 | N11: {=_xlfn.IFS(Cleaned_Working_Sheet!$M11<=34,"Young",Cleaned_Working_Sheet!$M11<=54,"Middle-aged",Cleaned_Working_Sheet!$M11>54,"Old")} -> Middle-aged | O11: Yes
A12: 22173 | B12: Married | C12: Female | D12: 30000 | E12: {=_xlfn.IFS(Cleaned_Working_Sheet!$D12<=50000,"Low Income",Cleaned_Working_Sheet!$D12<100000,"Middle Income",TRUE,"High Income")} -> Low Income | F12: 3 | G12: High School | H12: Skilled Manual | I12: No | J12: 2 | K12: 1-2 Miles | L12: Pacific | M12: 54 | N12: {=_xlfn.IFS(Cleaned_Working_Sheet!$M12<=34,"Young",Cleaned_Working_Sheet!$M12<=54,"Middle-aged",Cleaned_Working_Sheet!$M12>54,"Old")} -> Middle-aged | O12: Yes
A13: 12697 | B13: Single | C13: Female | D13: 90000 | E13: {=_xlfn.IFS(Cleaned_Working_Sheet!$D13<=50000,"Low Income",Cleaned_Working_Sheet!$D13<100000,"Middle Income",TRUE,"High Income")} -> Middle Income | F13: 0 | G13: Bachelors | H13: Professional | I13: No | J13: 4 | K13: 10 Miles+ | L13: Pacific | M13: 36 | N13: {=_xlfn.IFS(Cleaned_Working_Sheet!$M13<=34,"Young",Cleaned_Working_Sheet!$M13<=54,"Middle-aged",Cleaned_Working_Sheet!$M13>54,"Old")} -> Middle-aged | O13: No
... A1001: 12121 | B1001: Single | C1001: Male | D1001: 60000 | E1001: {=_xlfn.IFS(Cleaned_Working_Sheet!$D1001<=50000,"Low Income",Cleaned_Working_Sheet!$D1001<100000,"Middle Income",TRUE,"High Income")} -> Middle Income | F1001: 3 | G1001: High School | H1001: Professional | I1001: Yes | J1001: 2 | K1001: 10 Miles+ | L1001: North America | M1001: 53 | N1001: {=_xlfn.IFS(Cleaned_Working_Sheet!$M1001<=34,"Young",Cleaned_Working_Sheet!$M1001<=54,"Middle-aged",Cleaned_Working_Sheet!$M1001>54,"Old")} -> Middle-aged | O1001: Yes

Sheet Pivot_Table & Analysis
A3: Average of Income | B3: Purchased Bike
A4: Gender | B4: No | C4: Yes | D4: Grand Total
A5: Female | B5: 53440 | C5: 55774.059 | D5: 54580.777
A6: Male | B6: 56208.178 | C6: 60123.967 | D6: 58062.622
A7: Grand Total | B7: 54874.759 | C7: 57962.578 | D7: 56360
A18: Count of Purchased Bike | B18: Purchased Bike
A19: Income Group | B19: No | C19: Yes | D19: Grand Total
A20: High Income | B20: 54 | C20: 51 | D20: 105
A21: Low Income | B21: 253 | C21: 223 | D21: 476
A22: Middle Income | B22: 212 | C22: 207 | D22: 419
A23: Grand Total | B23: 519 | C23: 481 | D23: 1000
A34: Count of Purchased Bike | B34: Purchased Bike
A35: Commute Distance | B35: No | C35: Yes | D35: Grand Total
A36: 0-1 Miles | B36: 166 | C36: 200 | D36: 366
A37: 1-2 Miles | B37: 92 | C37: 77 | D37: 169
A38: 2-5 Miles | B38: 67 | C38: 95 | D38: 162
A39: 5-10 Miles | B39: 116 | C39: 76 | D39: 192
A40: 10 Miles+ | B40: 78 | C40: 33 | D40: 111
A41: Grand Total | B41: 519 | C41: 481 | D41: 1000
A49: Count of Purchased Bike | B49: Purchased Bike
A50: Age Group | B50: No | C50: Yes | D50: Grand Total
A51: Middle-aged | B51: 262 | C51: 329 | D51: 591
A52: Old | B52: 130 | C52: 59 | D52: 189
A53: Young | B53: 127 | C53: 93 | D53: 220
A54: Grand Total | B54: 519 | C54: 481 | D54: 1000
A62: Count of Purchased Bike | B62: Purchased Bike
A63: Occupation | B63: No | C63: Yes | D63: Grand Total
A64: Clerical | B64: 89 | C64: 88 | D64: 177
A65: Management | B65: 100 | C65: 73 | D65: 173
A66: Manual | B66: 64 | C66: 55 | D66: 119
A67: Professional | B67: 126 | C67: 150 | D67: 276
A68: Skilled Manual | B68: 140 | C68: 115 | D68: 255
A69: Grand Total | B69: 519 | C69: 481 | D69: 1000
A75: Count of Purchased Bike | B75: Purchased Bike
A76: Region | B76: Yes | C76: Grand Total
A77: Europe | B77: 148 | C77: 148
A78: North America | B78: 220 | C78: 220
A79: Pacific | B79: 113 | C79: 113
A80: Grand Total | B80: 481 | C80: 481

Sheet Dashboard
A1: Bike Purchase Dashboard

Sheet Key Insights & Recommendation
A1: Executive Summary
A2: This analysis examined customer characteristics and bike purchasing patterns. The findings show that bike purchases were more common among male, middle-aged and lower-income customers, with professionals recording the highest number of purchases among occupations. Customers with shorter commute distances also recorded higher purchase volumes, while North America recorded the highest number of bike buyers. These findings can help the business identify and prioritize customer segments and regions with stronger purchase activity.
A5: Key Insights
A6: Bike purchases where more common among male, middle-aged and lower-income customers, with purchasing patterns also varying by region and occupation.
A7: The low-income group recorded the highest number of bike purchases.
A8: Customers with shorter commute distances showed higher purchase volume, while the 10 miles + group had fewer purchases.
A9: Middle-aged customers recorded the highest number of bike purchases among the age groups analyzed, indicating that this segment showed a stronger tendency to purchase bikes.
A10: Male customers recorded a higher number of bike purchases than female customers.
A11: Professionals recorded the highest number of bike purchases among the occupations analyzed
A12: North America recorded the highest number of bike buyers
A15: Recommendations
A16: Focus marketing efforts on customer groups with higher bike purchase activity.
... A22: Prioritize North America as a strong market while investigating the lower-performing regions to identify opportunities to improve bike purchases.
